order_datetime,order_date,order_time
2023-10-01 00:00:00,2023/10/1,0:00:00
2023-12-31 23:59:59,2023/12/31,23:59:59
2024-01-01 00:00:00,2024/1/1,0:00:00
2024-01-01 07:18:36,2024/1/1,7:18:36
2024-01-01 23:59:59,2024/1/1,23:59:59
2024-01-02 01:36:19,2024/1/2,1:36:19
2024-01-02 07:42:29,2024/1/2,7:42:29
2024-01-03 00:54:06,2024/1/3,0:54:06
2024-01-05 05:43:22,2024/1/5,5:43:22
2024-01-09 20:24:38,2024/1/9,20:24:38
2024-01-15 00:00:00,2024/1/15,0:00:00
2024-01-15 23:59:59,2024/1/15,23:59:59
2024-01-17 16:45:36,2024/1/17,16:45:36
2024-01-18 22:10:56,2024/1/18,22:10:56
2024-01-22 02:11:33,2024/1/22,2:11:33
2024-01-23 08:51:03,2024/1/23,8:51:03
2024-01-26 16:01:11,2024/1/26,16:01:11
2024-01-29 06:32:29,2024/1/29,6:32:29
2024-01-31 00:00:00,2024/1/31,0:00:00
2024-01-31 02:10:02,2024/1/31,2:10:02
2024-01-31 23:59:59,2024/1/31,23:59:59
2024-02-01 00:00:00,2024/2/1,0:00:00
2024-02-01 23:59:59,2024/2/1,23:59:59
2024-02-02 15:00:36,2024/2/2,15:00:36
2024-02-04 05:47:27,2024/2/4,5:47:27
2024-02-05 17:13:56,2024/2/5,17:13:56
2024-02-07 06:45:40,2024/2/7,6:45:40
2024-02-10 19:14:52,2024/2/10,19:14:52
2024-02-11 09:17:18,2024/2/11,9:17:18
2024-02-15 00:00:00,2024/2/15,0:00:00
2024-02-15 13:09:01,2024/2/15,13:09:01
2024-02-15 20:21:28,2024/2/15,20:21:28
2024-02-15 23:59:59,2024/2/15,23:59:59
2024-02-16 23:29:05,2024/2/16,23:29:05
2024-02-16 23:57:28,2024/2/16,23:57:28
2024-02-18 22:43:24,2024/2/18,22:43:24
2024-02-19 02:35:06,2024/2/19,2:35:06
2024-02-19 15:42:09,2024/2/19,15:42:09
2024-02-21 11:54:55,2024/2/21,11:54:55
2024-02-29 00:00:00,2024/2/29,0:00:00
2024-02-29 23:59:59,2024/2/29,23:59:59
2024-03-01 00:00:00,2024/3/1,0:00:00
2024-03-01 23:59:59,2024/3/1,23:59:59
2024-03-04 06:02:09,2024/3/4,6:02:09
2024-03-05 01:25:37,2024/3/5,1:25:37
2024-03-11 11:08:17,2024/3/11,11:08:17
2024-03-13 08:06:56,2024/3/13,8:06:56
2024-03-13 08:42:50,2024/3/13,8:42:50
2024-03-14 23:54:04,2024/3/14,23:54:04
2024-03-15 00:00:00,2024/3/15,0:00:00
2024-03-15 23:59:59,2024/3/15,23:59:59
2024-03-16 23:56:07,2024/3/16,23:56:07
2024-03-18 20:03:03,2024/3/18,20:03:03
2024-03-31 00:00:00,2024/3/31,0:00:00
2024-03-31 01:34:43,2024/3/31,1:34:43
2024-03-31 23:59:59,2024/3/31,23:59:59
2024-04-01 00:00:00,2024/4/1,0:00:00
2024-04-01 12:23:29,2024/4/1,12:23:29
2024-04-01 23:16:14,2024/4/1,23:16:14
2024-04-01 23:59:59,2024/4/1,23:59:59
2024-04-02 07:48:33,2024/4/2,7:48:33
2024-04-03 02:49:31,2024/4/3,2:49:31
2024-04-06 19:34:03,2024/4/6,19:34:03
2024-04-09 13:57:37,2024/4/9,13:57:37
2024-04-10 14:41:02,2024/4/10,14:41:02
2024-04-12 02:32:20,2024/4/12,2:32:20
2024-04-12 20:48:52,2024/4/12,20:48:52
2024-04-15 00:00:00,2024/4/15,0:00:00
2024-04-15 23:59:59,2024/4/15,23:59:59
2024-04-16 13:11:20,2024/4/16,13:11:20
2024-04-17 12:23:21,2024/4/17,12:23:21
2024-04-18 05:11:39,2024/4/18,5:11:39
2024-04-20 00:41:41,2024/4/20,0:41:41
2024-04-21 02:10:12,2024/4/21,2:10:12
2024-04-22 21:55:08,2024/4/22,21:55:08
2024-04-25 22:43:38,2024/4/25,22:43:38
2024-04-26 02:51:53,2024/4/26,2:51:53
2024-04-26 10:47:15,2024/4/26,10:47:15
2024-04-30 00:00:00,2024/4/30,0:00:00
2024-04-30 07:37:49,2024/4/30,7:37:49
2024-04-30 23:59:59,2024/4/30,23:59:59
2024-05-01 00:00:00,2024/5/1,0:00:00
2024-05-01 23:59:59,2024/5/1,23:59:59
2024-05-03 11:46:16,2024/5/3,11:46:16
2024-05-05 07:00:40,2024/5/5,7:00:40
2024-05-06 02:03:47,2024/5/6,2:03:47
2024-05-06 19:43:09,2024/5/6,19:43:09
2024-05-07 13:19:34,2024/5/7,13:19:34
2024-05-07 14:30:17,2024/5/7,14:30:17
2024-05-08 03:01:50,2024/5/8,3:01:50
2024-05-10 05:06:46,2024/5/10,5:06:46
2024-05-11 23:38:44,2024/5/11,23:38:44
2024-05-14 17:18:10,2024/5/14,17:18:10
2024-05-15 00:00:00,2024/5/15,0:00:00
2024-05-15 14:29:35,2024/5/15,14:29:35
2024-05-15 17:49:45,2024/5/15,17:49:45
2024-05-15 23:59:59,2024/5/15,23:59:59
2024-05-16 10:44:30,2024/5/16,10:44:30
2024-05-18 06:21:49,2024/5/18,6:21:49
2024-05-18 06:35:15,2024/5/18,6:35:15
2024-05-21 04:29:08,2024/5/21,4:29:08
2024-05-25 02:43:10,2024/5/25,2:43:10
2024-05-26 22:58:48,2024/5/26,22:58:48
2024-05-27 08:48:05,2024/5/27,8:48:05
2024-05-29 10:29:16,2024/5/29,10:29:16
2024-05-30 13:58:19,2024/5/30,13:58:19
2024-05-31 00:00:00,2024/5/31,0:00:00
2024-05-31 23:59:59,2024/5/31,23:59:59
2024-06-01 00:00:00,2024/6/1,0:00:00
2024-06-01 09:53:13,2024/6/1,9:53:13
2024-06-01 19:10:29,2024/6/1,19:10:29
2024-06-01 23:59:59,2024/6/1,23:59:59
2024-06-03 01:20:36,2024/6/3,1:20:36
2024-06-05 20:15:10,2024/6/5,20:15:10
2024-06-06 15:50:29,2024/6/6,15:50:29
2024-06-07 08:32:09,2024/6/7,8:32:09
2024-06-07 10:40:25,2024/6/7,10:40:25
2024-06-08 13:43:09,2024/6/8,13:43:09
2024-06-08 14:15:05,2024/6/8,14:15:05
2024-06-15 00:00:00,2024/6/15,0:00:00
2024-06-15 23:59:59,2024/6/15,23:59:59
2024-06-17 16:58:27,2024/6/17,16:58:27
2024-06-18 03:03:49,2024/6/18,3:03:49
2024-06-18 16:48:52,2024/6/18,16:48:52
2024-06-24 17:38:53,2024/6/24,17:38:53
2024-06-25 20:32:35,2024/6/25,20:32:35
2024-06-26 13:45:45,2024/6/26,13:45:45
2024-06-29 04:15:04,2024/6/29,4:15:04
2024-06-30 00:00:00,2024/6/30,0:00:00
2024-06-30 10:29:03,2024/6/30,10:29:03
2024-06-30 23:59:59,2024/6/30,23:59:59
2024-07-01 00:00:00,2024/7/1,0:00:00
2024-07-01 22:27:29,2024/7/1,22:27:29
2024-07-01 22:40:14,2024/7/1,22:40:14
2024-07-01 23:59:59,2024/7/1,23:59:59
2024-07-08 08:55:53,2024/7/8,8:55:53
2024-07-09 03:29:14,2024/7/9,3:29:14
2024-07-09 05:34:29,2024/7/9,5:34:29
2024-07-10 04:41:39,2024/7/10,4:41:39
2024-07-10 12:41:35,2024/7/10,12:41:35
2024-07-10 19:16:45,2024/7/10,19:16:45
2024-07-10 20:56:28,2024/7/10,20:56:28
2024-07-11 04:34:28,2024/7/11,4:34:28
2024-07-11 11:42:21,2024/7/11,11:42:21
2024-07-12 10:33:00,2024/7/12,10:33:00
2024-07-13 09:29:08,2024/7/13,9:29:08
2024-07-13 23:23:07,2024/7/13,23:23:07
2024-07-15 00:00:00,2024/7/15,0:00:00
2024-07-15 06:20:10,2024/7/15,6:20:10
2024-07-15 23:59:59,2024/7/15,23:59:59
2024-07-19 16:01:30,2024/7/19,16:01:30
2024-07-22 16:14:04,2024/7/22,16:14:04
2024-07-23 07:14:44,2024/7/23,7:14:44
2024-07-27 18:40:39,2024/7/27,18:40:39
2024-07-28 21:12:06,2024/7/28,21:12:06
2024-07-29 10:10:55,2024/7/29,10:10:55
2024-07-30 05:34:24,2024/7/30,5:34:24
2024-07-31 00:00:00,2024/7/31,0:00:00
2024-07-31 23:59:59,2024/7/31,23:59:59
2024-08-01 00:00:00,2024/8/1,0:00:00
2024-08-01 23:59:59,2024/8/1,23:59:59
2024-08-02 01:09:00,2024/8/2,1:09:00
2024-08-05 11:49:52,2024/8/5,11:49:52
2024-08-08 06:27:53,2024/8/8,6:27:53
2024-08-11 15:59:08,2024/8/11,15:59:08
2024-08-13 05:11:45,2024/8/13,5:11:45
2024-08-15 00:00:00,2024/8/15,0:00:00
2024-08-15 23:59:59,2024/8/15,23:59:59
2024-08-16 21:18:08,2024/8/16,21:18:08
2024-08-20 17:45:32,2024/8/20,17:45:32
2024-08-21 23:30:45,2024/8/21,23:30:45
2024-08-22 00:41:52,2024/8/22,0:41:52
2024-08-22 06:34:38,2024/8/22,6:34:38
2024-08-23 05:21:49,2024/8/23,5:21:49
2024-08-23 11:58:18,2024/8/23,11:58:18
2024-08-24 01:26:29,2024/8/24,1:26:29
2024-08-24 16:09:47,2024/8/24,16:09:47
2024-08-24 16:51:46,2024/8/24,16:51:46
2024-08-25 19:20:40,2024/8/25,19:20:40
2024-08-28 13:07:25,2024/8/28,13:07:25
2024-08-29 10:19:35,2024/8/29,10:19:35
2024-08-29 21:06:49,2024/8/29,21:06:49
2024-08-30 03:28:23,2024/8/30,3:28:23
2024-08-31 00:00:00,2024/8/31,0:00:00
2024-08-31 23:59:59,2024/8/31,23:59:59
2024-09-01 00:00:00,2024/9/1,0:00:00
2024-09-01 23:59:59,2024/9/1,23:59:59
2024-09-09 06:22:52,2024/9/9,6:22:52
2024-09-09 16:29:48,2024/9/9,16:29:48
2024-09-13 19:39:01,2024/9/13,19:39:01
2024-09-15 00:00:00,2024/9/15,0:00:00
2024-09-15 23:59:59,2024/9/15,23:59:59
2024-09-18 05:12:05,2024/9/18,5:12:05
2024-09-19 13:54:49,2024/9/19,13:54:49
2024-09-23 23:41:36,2024/9/23,23:41:36
2024-09-24 08:21:27,2024/9/24,8:21:27
2024-09-24 14:37:11,2024/9/24,14:37:11
2024-09-25 09:15:22,2024/9/25,9:15:22
2024-09-29 01:57:18,2024/9/29,1:57:18
2024-09-30 00:00:00,2024/9/30,0:00:00
2024-09-30 23:59:59,2024/9/30,23:59:59
2024-10-01 00:00:00,2024/10/1,0:00:00
2024-10-01 23:59:59,2024/10/1,23:59:59
2024-10-03 21:52:15,2024/10/3,21:52:15
2024-10-04 01:17:16,2024/10/4,1:17:16
2024-10-04 17:58:33,2024/10/4,17:58:33
2024-10-04 18:38:17,2024/10/4,18:38:17
2024-10-12 23:27:40,2024/10/12,23:27:40
2024-10-14 17:03:55,2024/10/14,17:03:55
2024-10-15 00:00:00,2024/10/15,0:00:00
2024-10-15 23:59:59,2024/10/15,23:59:59
2024-10-20 00:36:31,2024/10/20,0:36:31
2024-10-22 19:09:39,2024/10/22,19:09:39
2024-10-25 00:31:58,2024/10/25,0:31:58
2024-10-30 08:38:14,2024/10/30,8:38:14
2024-10-31 00:00:00,2024/10/31,0:00:00
2024-10-31 05:24:27,2024/10/31,5:24:27
2024-10-31 23:59:59,2024/10/31,23:59:59
2024-11-01 00:00:00,2024/11/1,0:00:00
2024-11-01 23:59:59,2024/11/1,23:59:59
2024-11-02 18:06:51,2024/11/2,18:06:51
2024-11-05 18:43:45,2024/11/5,18:43:45
2024-11-07 08:23:10,2024/11/7,8:23:10
2024-11-08 18:53:52,2024/11/8,18:53:52
2024-11-09 10:30:47,2024/11/9,10:30:47
2024-11-09 22:57:58,2024/11/9,22:57:58
2024-11-15 00:00:00,2024/11/15,0:00:00
2024-11-15 13:47:34,2024/11/15,13:47:34
2024-11-15 23:59:59,2024/11/15,23:59:59
2024-11-19 11:10:39,2024/11/19,11:10:39
2024-11-21 12:41:59,2024/11/21,12:41:59
2024-11-22 09:22:57,2024/11/22,9:22:57
2024-11-22 10:19:31,2024/11/22,10:19:31
2024-11-25 03:30:40,2024/11/25,3:30:40
2024-11-30 00:00:00,2024/11/30,0:00:00
2024-11-30 08:58:52,2024/11/30,8:58:52
2024-11-30 23:59:59,2024/11/30,23:59:59
2024-12-01 00:00:00,2024/12/1,0:00:00
2024-12-01 03:05:27,2024/12/1,3:05:27
2024-12-01 23:59:59,2024/12/1,23:59:59
2024-12-03 23:22:02,2024/12/3,23:22:02
2024-12-04 04:30:29,2024/12/4,4:30:29
2024-12-05 03:01:08,2024/12/5,3:01:08
2024-12-10 18:20:22,2024/12/10,18:20:22
2024-12-14 10:01:40,2024/12/14,10:01:40
2024-12-15 00:00:00,2024/12/15,0:00:00
2024-12-15 23:59:59,2024/12/15,23:59:59
2024-12-17 11:09:46,2024/12/17,11:09:46
2024-12-18 01:28:36,2024/12/18,1:28:36
2024-12-18 06:53:14,2024/12/18,6:53:14
2024-12-22 07:56:10,2024/12/22,7:56:10
2024-12-23 10:06:35,2024/12/23,10:06:35
2024-12-24 21:18:31,2024/12/24,21:18:31
2024-12-25 06:22:37,2024/12/25,6:22:37
2024-12-25 08:34:59,2024/12/25,8:34:59
2024-12-26 22:12:42,2024/12/26,22:12:42
2024-12-31 00:00:00,2024/12/31,0:00:00
2024-12-31 11:02:11,2024/12/31,11:02:11
2024-12-31 17:02:24,2024/12/31,17:02:24
2024-12-31 23:59:59,2024/12/31,23:59:59
2025-01-01 00:00:00,2025/1/1,0:00:00
2025-01-01 23:59:59,2025/1/1,23:59:59
2025-01-04 13:04:09,2025/1/4,13:04:09
2025-01-05 05:04:17,2025/1/5,5:04:17
2025-01-06 17:09:37,2025/1/6,17:09:37
2025-01-07 06:12:04,2025/1/7,6:12:04
2025-01-07 13:35:46,2025/1/7,13:35:46
2025-01-08 03:33:12,2025/1/8,3:33:12
2025-01-09 10:44:54,2025/1/9,10:44:54
2025-01-15 00:00:00,2025/1/15,0:00:00
2025-01-15 23:59:59,2025/1/15,23:59:59
2025-01-18 03:05:40,2025/1/18,3:05:40
2025-01-20 12:23:34,2025/1/20,12:23:34
2025-01-21 08:09:16,2025/1/21,8:09:16
2025-01-21 22:04:09,2025/1/21,22:04:09
2025-01-25 07:53:04,2025/1/25,7:53:04
2025-01-28 15:59:54,2025/1/28,15:59:54
2025-01-28 19:17:24,2025/1/28,19:17:24
2025-01-31 00:00:00,2025/1/31,0:00:00
2025-01-31 23:59:59,2025/1/31,23:59:59
2025-02-01 00:00:00,2025/2/1,0:00:00
2025-02-01 23:59:59,2025/2/1,23:59:59
2025-02-05 12:31:40,2025/2/5,12:31:40
2025-02-09 17:28:23,2025/2/9,17:28:23
2025-02-10 21:21:47,2025/2/10,21:21:47
2025-02-13 19:22:01,2025/2/13,19:22:01
2025-02-14 00:00:00,2025/2/14,0:00:00
2025-02-14 11:20:14,2025/2/14,11:20:14
2025-02-14 23:59:59,2025/2/14,23:59:59
2025-02-15 00:00:00,2025/2/15,0:00:00
2025-02-15 23:59:59,2025/2/15,23:59:59
2025-02-16 00:00:00,2025/2/16,0:00:00
2025-02-16 23:59:59,2025/2/16,23:59:59
2025-02-19 05:19:33,2025/2/19,5:19:33
2025-02-22 08:51:33,2025/2/22,8:51:33
2025-02-24 14:24:20,2025/2/24,14:24:20
2025-02-25 15:21:51,2025/2/25,15:21:51
2025-02-28 00:00:00,2025/2/28,0:00:00
2025-02-28 23:59:59,2025/2/28,23:59:59
2025-03-01 00:00:00,2025/3/1,0:00:00
2025-03-01 15:10:20,2025/3/1,15:10:20
2025-03-01 23:59:59,2025/3/1,23:59:59
2025-03-11 03:07:37,2025/3/11,3:07:37
2025-03-12 01:29:14,2025/3/12,1:29:14
2025-03-13 02:47:56,2025/3/13,2:47:56
2025-03-15 00:00:00,2025/3/15,0:00:00
2025-03-15 23:59:59,2025/3/15,23:59:59
2025-03-17 21:42:26,2025/3/17,21:42:26
2025-03-18 06:48:29,2025/3/18,6:48:29
2025-03-20 03:15:35,2025/3/20,3:15:35
2025-03-21 15:50:27,2025/3/21,15:50:27
2025-03-24 19:47:02,2025/3/24,19:47:02
2025-03-25 10:58:49,2025/3/25,10:58:49
2025-03-27 09:00:19,2025/3/27,9:00:19
2025-03-27 16:07:29,2025/3/27,16:07:29
2025-03-29 20:45:24,2025/3/29,20:45:24
2025-03-31 00:00:00,2025/3/31,0:00:00
2025-03-31 11:59:40,2025/3/31,11:59:40
2025-03-31 23:59:59,2025/3/31,23:59:59
2025-04-01 00:00:00,2025/4/1,0:00:00
2025-04-01 02:40:12,2025/4/1,2:40:12
2025-04-01 23:59:59,2025/4/1,23:59:59
2025-04-02 22:07:58,2025/4/2,22:07:58
2025-04-04 17:27:06,2025/4/4,17:27:06
2025-04-06 20:00:30,2025/4/6,20:00:30
2025-04-07 23:02:09,2025/4/7,23:02:09
2025-04-13 05:23:14,2025/4/13,5:23:14
2025-04-13 19:41:13,2025/4/13,19:41:13
2025-04-15 00:00:00,2025/4/15,0:00:00
2025-04-15 23:59:59,2025/4/15,23:59:59
2025-04-17 13:18:15,2025/4/17,13:18:15
2025-04-19 11:52:09,2025/4/19,11:52:09
2025-04-20 22:01:57,2025/4/20,22:01:57
2025-04-21 01:53:41,2025/4/21,1:53:41
2025-04-22 15:39:22,2025/4/22,15:39:22
2025-04-24 04:52:54,2025/4/24,4:52:54
2025-04-24 18:34:22,2025/4/24,18:34:22
2025-04-29 06:07:25,2025/4/29,6:07:25
2025-04-29 12:05:43,2025/4/29,12:05:43
2025-04-30 00:00:00,2025/4/30,0:00:00
2025-04-30 23:59:59,2025/4/30,23:59:59
2025-05-01 00:00:00,2025/5/1,0:00:00
2025-05-01 23:59:59,2025/5/1,23:59:59
2025-05-02 11:23:40,2025/5/2,11:23:40
2025-05-03 21:25:55,2025/5/3,21:25:55
2025-05-06 02:42:12,2025/5/6,2:42:12
2025-05-06 11:56:41,2025/5/6,11:56:41
2025-05-07 22:51:33,2025/5/7,22:51:33
2025-05-08 18:43:56,2025/5/8,18:43:56
2025-05-08 22:45:13,2025/5/8,22:45:13
2025-05-11 16:50:17,2025/5/11,16:50:17
2025-05-15 00:00:00,2025/5/15,0:00:00
2025-05-15 23:59:59,2025/5/15,23:59:59
2025-05-16 22:04:14,2025/5/16,22:04:14
2025-05-23 10:19:42,2025/5/23,10:19:42
2025-05-24 16:02:30,2025/5/24,16:02:30
2025-05-28 03:19:44,2025/5/28,3:19:44
2025-05-29 10:36:22,2025/5/29,10:36:22
2025-05-29 14:14:06,2025/5/29,14:14:06
2025-05-30 03:05:10,2025/5/30,3:05:10
2025-05-31 00:00:00,2025/5/31,0:00:00
2025-05-31 03:39:31,2025/5/31,3:39:31
2025-05-31 23:59:59,2025/5/31,23:59:59
2025-06-01 00:00:00,2025/6/1,0:00:00
2025-06-01 23:59:59,2025/6/1,23:59:59
2025-06-07 05:33:45,2025/6/7,5:33:45
2025-06-08 10:06:52,2025/6/8,10:06:52
2025-06-08 11:38:48,2025/6/8,11:38:48
2025-06-08 12:12:21,2025/6/8,12:12:21
2025-06-10 04:05:50,2025/6/10,4:05:50
2025-06-14 23:34:25,2025/6/14,23:34:25
2025-06-15 00:00:00,2025/6/15,0:00:00
2025-06-15 06:06:38,2025/6/15,6:06:38
2025-06-15 17:05:54,2025/6/15,17:05:54
2025-06-15 23:59:59,2025/6/15,23:59:59
2025-06-17 17:56:35,2025/6/17,17:56:35
2025-06-22 17:38:00,2025/6/22,17:38:00
2025-06-22 20:26:28,2025/6/22,20:26:28
2025-06-25 09:56:54,2025/6/25,9:56:54
2025-06-27 14:04:43,2025/6/27,14:04:43
2025-06-29 08:06:56,2025/6/29,8:06:56
2025-06-29 20:42:53,2025/6/29,20:42:53
2025-06-30 00:00:00,2025/6/30,0:00:00
2025-06-30 02:25:09,2025/6/30,2:25:09
2025-06-30 11:13:34,2025/6/30,11:13:34
2025-06-30 23:59:59,2025/6/30,23:59:59
2025-07-01 00:00:00,2025/7/1,0:00:00
2025-07-01 23:59:59,2025/7/1,23:59:59
2025-07-07 07:43:49,2025/7/7,7:43:49
2025-07-07 23:56:17,2025/7/7,23:56:17
2025-07-11 21:46:21,2025/7/11,21:46:21
2025-07-12 16:08:40,2025/7/12,16:08:40
2025-07-15 00:00:00,2025/7/15,0:00:00
2025-07-15 23:59:59,2025/7/15,23:59:59
2025-07-16 21:42:31,2025/7/16,21:42:31
2025-07-17 13:11:07,2025/7/17,13:11:07
2025-07-18 04:13:39,2025/7/18,4:13:39
2025-07-18 11:34:40,2025/7/18,11:34:40
2025-07-21 01:58:23,2025/7/21,1:58:23
2025-07-22 21:34:05,2025/7/22,21:34:05
2025-07-30 06:29:51,2025/7/30,6:29:51
2025-07-30 19:16:19,2025/7/30,19:16:19
2025-07-31 00:00:00,2025/7/31,0:00:00
2025-07-31 23:59:59,2025/7/31,23:59:59
2025-08-01 00:00:00,2025/8/1,0:00:00
2025-08-01 23:59:59,2025/8/1,23:59:59
2025-08-05 19:15:48,2025/8/5,19:15:48
2025-08-08 18:27:12,2025/8/8,18:27:12
2025-08-14 04:16:51,2025/8/14,4:16:51
2025-08-15 00:00:00,2025/8/15,0:00:00
2025-08-15 10:30:35,2025/8/15,10:30:35
2025-08-15 23:59:59,2025/8/15,23:59:59
2025-08-17 03:55:37,2025/8/17,3:55:37
2025-08-26 22:58:11,2025/8/26,22:58:11
2025-08-31 00:00:00,2025/8/31,0:00:00
2025-08-31 08:21:48,2025/8/31,8:21:48
2025-08-31 23:59:59,2025/8/31,23:59:59
2025-09-01 00:00:00,2025/9/1,0:00:00
2025-09-01 10:07:09,2025/9/1,10:07:09
2025-09-01 20:25:19,2025/9/1,20:25:19
2025-09-01 23:59:59,2025/9/1,23:59:59
2025-09-02 14:46:23,2025/9/2,14:46:23
2025-09-04 19:22:16,2025/9/4,19:22:16
2025-09-07 10:24:06,2025/9/7,10:24:06
2025-09-08 03:13:29,2025/9/8,3:13:29
2025-09-08 10:49:46,2025/9/8,10:49:46
2025-09-12 14:20:51,2025/9/12,14:20:51
2025-09-12 14:39:01,2025/9/12,14:39:01
2025-09-12 22:15:29,2025/9/12,22:15:29
2025-09-13 04:55:15,2025/9/13,4:55:15
2025-09-13 06:50:12,2025/9/13,6:50:12
2025-09-13 23:26:47,2025/9/13,23:26:47
2025-09-15 00:00:00,2025/9/15,0:00:00
2025-09-15 23:59:59,2025/9/15,23:59:59
2025-09-16 09:30:36,2025/9/16,9:30:36
2025-09-18 08:59:56,2025/9/18,8:59:56
2025-09-19 17:01:22,2025/9/19,17:01:22
2025-09-25 13:05:05,2025/9/25,13:05:05
2025-09-26 18:14:18,2025/9/26,18:14:18
2025-09-28 03:14:57,2025/9/28,3:14:57
2025-09-29 06:06:40,2025/9/29,6:06:40
2025-09-30 00:00:00,2025/9/30,0:00:00
2025-09-30 02:03:45,2025/9/30,2:03:45
2025-09-30 23:59:59,2025/9/30,23:59:59
2025-10-01 00:00:00,2025/10/1,0:00:00
2025-10-01 23:59:59,2025/10/1,23:59:59
2025-10-05 22:22:23,2025/10/5,22:22:23
2025-10-06 22:01:20,2025/10/6,22:01:20
2025-10-07 10:04:23,2025/10/7,10:04:23
2025-10-07 23:08:55,2025/10/7,23:08:55
2025-10-13 23:11:03,2025/10/13,23:11:03
2025-10-15 00:00:00,2025/10/15,0:00:00
2025-10-15 04:29:22,2025/10/15,4:29:22
2025-10-15 06:02:33,2025/10/15,6:02:33
2025-10-15 23:59:59,2025/10/15,23:59:59
2025-10-16 18:24:18,2025/10/16,18:24:18
2025-10-18 14:48:52,2025/10/18,14:48:52
2025-10-19 23:03:59,2025/10/19,23:03:59
2025-10-20 17:21:55,2025/10/20,17:21:55
2025-10-24 11:07:18,2025/10/24,11:07:18
2025-10-31 00:00:00,2025/10/31,0:00:00
2025-10-31 23:59:59,2025/10/31,23:59:59
2025-11-01 00:00:00,2025/11/1,0:00:00
2025-11-01 23:59:59,2025/11/1,23:59:59
2025-11-08 00:40:27,2025/11/8,0:40:27
2025-11-09 19:00:26,2025/11/9,19:00:26
2025-11-10 14:08:48,2025/11/10,14:08:48
2025-11-11 16:34:45,2025/11/11,16:34:45
2025-11-15 00:00:00,2025/11/15,0:00:00
2025-11-15 23:59:59,2025/11/15,23:59:59
2025-11-19 22:29:44,2025/11/19,22:29:44
2025-11-22 14:52:07,2025/11/22,14:52:07
2025-11-28 14:51:13,2025/11/28,14:51:13
2025-11-29 01:44:54,2025/11/29,1:44:54
2025-11-29 01:45:10,2025/11/29,1:45:10
2025-11-29 23:27:57,2025/11/29,23:27:57
2025-11-30 00:00:00,2025/11/30,0:00:00
2025-11-30 23:59:59,2025/11/30,23:59:59
2025-12-01 00:00:00,2025/12/1,0:00:00
2025-12-01 23:59:59,2025/12/1,23:59:59
2025-12-05 03:03:11,2025/12/5,3:03:11
2025-12-06 03:47:48,2025/12/6,3:47:48
2025-12-12 17:52:02,2025/12/12,17:52:02
2025-12-15 00:00:00,2025/12/15,0:00:00
2025-12-15 23:28:00,2025/12/15,23:28:00
2025-12-15 23:59:59,2025/12/15,23:59:59
2025-12-17 09:11:25,2025/12/17,9:11:25
2025-12-17 23:30:03,2025/12/17,23:30:03
2025-12-18 09:28:12,2025/12/18,9:28:12
2025-12-22 20:48:44,2025/12/22,20:48:44
2025-12-24 03:03:59,2025/12/24,3:03:59
2025-12-25 16:08:27,2025/12/25,16:08:27
2025-12-26 08:46:38,2025/12/26,8:46:38
2025-12-26 16:22:14,2025/12/26,16:22:14
2025-12-26 21:19:19,2025/12/26,21:19:19
2025-12-28 19:54:50,2025/12/28,19:54:50
2025-12-29 05:08:22,2025/12/29,5:08:22
2025-12-30 17:07:32,2025/12/30,17:07:32
2025-12-31 00:00:00,2025/12/31,0:00:00
2025-12-31 23:59:59,2025/12/31,23:59:59
