order_datetime,order_date,order_time,customer_id,discount,employee_id,order_id,paid
2023/9/14 6:58:17,2023/9/14,6:58:17,10,0.11,2,12699,1
2021/3/24 18:57:11,2021/3/24,18:57:11,6,0.19,1,12691,0
2022/4/13 3:27:26,2022/4/13,3:27:26,19,0.23,4,12692,1
2022/8/14 20:23:43,2022/8/14,20:23:43,23,0.04,1,12692,1
2024/4/15 20:23:12,2024/4/15,20:23:12,34,0.15,3,12683,0
2021/2/22 8:33:54,2021/2/22,8:33:54,34,0.11,4,12692,1
2019/3/19 23:59:59,2019/3/19,23:59:59,12,0,2,12693,0
2024/12/18 4:35:05,2024/12/18,4:35:05,10,0.09,2,12697,0
2022/6/9 3:24:24,2022/6/9,3:24:24,10,0.06,3,12698,0
2020/6/4 13:48:37,2020/6/4,13:48:37,25,0.2,1,12695,0
2024/5/11 3:54:06,2024/5/11,3:54:06,10,0.25,2,12697,1
2023/7/21 4:52:21,2023/7/21,4:52:21,26,0.23,1,12689,0
2022/7/20 16:39:09,2022/7/20,16:39:09,19,0.03,3,12695,1
2025/10/1 0:00:00,2025/10/1,0:00:00,22,0.12,2,12699,0
2024/12/1 23:59:59,2024/12/1,23:59:59,23,0.01,1,12682,0
2025/2/15 23:59:59,2025/2/15,23:59:59,25,0.17,2,12696,0
2023/4/26 21:48:56,2023/4/26,21:48:56,5,0.1,2,12682,0
2024/5/13 14:52:23,2024/5/13,14:52:23,5,0.09,4,12685,1
2024/6/24 15:26:40,2024/6/24,15:26:40,21,0.2,3,12692,0
2023/9/17 15:43:02,2023/9/17,15:43:02,25,0.22,1,12694,0
2024/7/28 0:48:13,2024/7/28,0:48:13,1,0.2,2,12695,0
2024/1/1 0:00:00,2024/1/1,0:00:00,19,0.17,1,12687,1
2025/2/10 23:59:59,2025/2/10,23:59:59,35,0.12,4,12697,0
2022/3/3 23:59:59,2022/3/3,23:59:59,30,0.11,2,12694,0
2022/5/16 9:58:58,2022/5/16,9:58:58,20,0.21,2,12686,0
2015/4/9 0:00:00,2015/4/9,0:00:00,30,0.02,4,12688,0
2024/10/19 22:22:00,2024/10/19,22:22:00,9,0.07,4,12686,0
2024/7/1 23:59:59,2024/7/1,23:59:59,26,0.06,3,12685,0
2024/12/8 6:37:35,2024/12/8,6:37:35,13,0.23,4,12700,1
2022/10/14 11:08:22,2022/10/14,11:08:22,23,0.06,2,12685,1
2025/2/13 10:46:07,2025/2/13,10:46:07,12,0.19,4,12692,0
2023/11/6 4:22:42,2023/11/6,4:22:42,26,0.21,2,12690,1
2020/7/4 20:04:39,2020/7/4,20:04:39,17,0.03,4,12682,1
2024/9/2 20:25:56,2024/9/2,20:25:56,23,0.2,1,12695,1
2025/6/1 0:00:00,2025/6/1,0:00:00,8,0.02,1,12700,1
2021/9/30 22:42:17,2021/9/30,22:42:17,17,0.04,4,12691,0
2022/10/19 3:01:13,2022/10/19,3:01:13,32,0.19,2,12684,1
2025/1/1 23:59:59,2025/1/1,23:59:59,20,0.04,3,12692,1
2023/3/24 7:50:49,2023/3/24,7:50:49,4,0.01,1,12693,1
2025/2/15 0:00:00,2025/2/15,0:00:00,20,0.19,3,12689,0
2023/6/17 5:17:34,2023/6/17,5:17:34,24,0.04,1,12694,1
2024/8/25 19:47:15,2024/8/25,19:47:15,13,0.03,3,12687,0
2023/5/8 3:32:58,2023/5/8,3:32:58,24,0.03,3,12698,0
2021/3/8 0:00:00,2021/3/8,0:00:00,15,0.17,1,12690,1
2024/11/1 8:19:29,2024/11/1,8:19:29,1,0,1,12685,1
2025/2/8 20:03:12,2025/2/8,20:03:12,28,0.03,4,12688,0
2024/7/22 2:57:03,2024/7/22,2:57:03,10,0.1,2,12682,1
2020/5/23 18:52:38,2020/5/23,18:52:38,28,0.12,4,12699,1
2021/5/5 1:47:57,2021/5/5,1:47:57,1,0.18,2,12690,0
2024/1/1 0:00:00,2024/1/1,0:00:00,27,0.21,3,12697,1
2024/9/1 23:59:59,2024/9/1,23:59:59,4,0.11,1,12683,1
2021/2/21 11:22:41,2021/2/21,11:22:41,30,0.11,3,12696,1
2023/11/15 18:33:48,2023/11/15,18:33:48,9,0.03,1,12687,0
2024/3/1 0:00:00,2024/3/1,0:00:00,13,0.13,2,12686,1
2025/1/18 10:55:26,2025/1/18,10:55:26,10,0.19,4,12686,0
2025/11/1 23:59:59,2025/11/1,23:59:59,8,0.07,2,12696,0
2023/8/23 22:27:22,2023/8/23,22:27:22,12,0.18,3,12694,0
2023/5/28 23:45:16,2023/5/28,23:45:16,24,0.19,1,12684,0
2023/11/7 16:47:39,2023/11/7,16:47:39,16,0.09,2,12700,1
2022/10/12 17:50:51,2022/10/12,17:50:51,4,0.01,3,12698,0
2022/8/1 16:22:57,2022/8/1,16:22:57,16,0.25,4,12683,1
2021/11/2 10:55:27,2021/11/2,10:55:27,14,0.24,4,12700,0
2021/3/22 9:46:29,2021/3/22,9:46:29,6,0.12,2,12696,0
2021/4/24 13:57:45,2021/4/24,13:57:45,15,0.12,3,12684,0
2025/2/3 23:59:59,2025/2/3,23:59:59,18,0.08,4,12691,0
2022/11/12 4:56:54,2022/11/12,4:56:54,3,0.03,2,12700,1
2024/3/1 0:00:00,2024/3/1,0:00:00,35,0.18,3,12695,1
2020/11/1 20:45:58,2020/11/1,20:45:58,24,0,3,12699,1
2024/7/1 23:59:59,2024/7/1,23:59:59,11,0.12,1,12692,0
2021/7/6 3:31:39,2021/7/6,3:31:39,14,0.16,2,12698,0
2024/9/10 15:41:10,2024/9/10,15:41:10,22,0.17,3,12696,1
2024/7/13 14:38:37,2024/7/13,14:38:37,19,0.02,1,12691,1
2025/1/8 7:09:13,2025/1/8,7:09:13,1,0.13,3,12695,1
2022/8/8 11:29:38,2022/8/8,11:29:38,1,0.02,1,12699,1
2024/3/1 0:00:00,2024/3/1,0:00:00,5,0.03,4,12687,0
2024/8/1 23:59:59,2024/8/1,23:59:59,13,0.1,1,12698,1
2021/2/13 5:31:25,2021/2/13,5:31:25,33,0.19,1,12695,1
2021/6/20 10:53:56,2021/6/20,10:53:56,18,0.21,4,12697,1
2024/2/4 4:09:25,2024/2/4,4:09:25,4,0.21,3,12699,1
2022/11/28 2:28:55,2022/11/28,2:28:55,10,0.05,2,12686,0
2021/3/12 0:13:46,2021/3/12,0:13:46,3,0.21,1,12685,0
2024/1/1 0:00:00,2024/1/1,0:00:00,21,0.03,2,12700,1
2023/10/21 1:22:18,2023/10/21,1:22:18,26,0.24,3,12698,0
2022/10/14 4:55:37,2022/10/14,4:55:37,17,0.07,1,12690,1
2022/9/10 17:21:42,2022/9/10,17:21:42,8,0.23,1,12682,0
2023/2/26 0:00:00,2023/2/26,0:00:00,3,0.21,4,12696,0
2025/1/16 0:00:00,2025/1/16,0:00:00,32,0.18,4,12698,1
2020/4/2 21:14:43,2020/4/2,21:14:43,28,0.1,4,12695,0
2022/10/24 6:06:55,2022/10/24,6:06:55,11,0.07,2,12692,1
2025/4/1 23:59:59,2025/4/1,23:59:59,25,0.11,2,12690,0
2022/11/20 9:01:32,2022/11/20,9:01:32,15,0.08,4,12700,1
2024/9/3 14:36:35,2024/9/3,14:36:35,25,0.06,1,12699,1
2024/12/20 22:18:43,2024/12/20,22:18:43,11,0,4,12682,1
2015/4/9 23:59:59,2015/4/9,23:59:59,15,0.17,3,12699,0
2024/3/1 23:59:59,2024/3/1,23:59:59,6,0,2,12700,0
2025/3/1 0:00:00,2025/3/1,0:00:00,8,0.2,2,12690,1
2021/8/29 15:23:04,2021/8/29,15:23:04,17,0.25,3,12699,0
2016/4/3 23:59:59,2016/4/3,23:59:59,27,0.1,4,12682,0
2021/11/21 6:12:45,2021/11/21,6:12:45,17,0.05,4,12688,1
2025/1/1 23:59:59,2025/1/1,23:59:59,26,0,4,12686,0
2020/8/30 13:03:47,2020/8/30,13:03:47,13,0.19,4,12699,1
2022/9/12 10:59:30,2022/9/12,10:59:30,8,0.07,1,12700,1
2023/6/24 6:14:46,2023/6/24,6:14:46,19,0.16,2,12685,1
2024/1/21 11:12:17,2024/1/21,11:12:17,28,0.16,3,12698,1
2022/4/1 20:58:13,2022/4/1,20:58:13,27,0.11,4,12690,1
2023/11/10 17:25:39,2023/11/10,17:25:39,21,0.12,2,12684,0
2023/7/1 15:00:02,2023/7/1,15:00:02,28,0.02,4,12692,1
2024/7/1 0:00:00,2024/7/1,0:00:00,33,0.23,3,12695,1
2020/5/14 14:42:12,2020/5/14,14:42:12,31,0.23,1,12685,0
2020/8/12 12:18:16,2020/8/12,12:18:16,35,0.04,1,12687,0
2024/4/1 0:00:00,2024/4/1,0:00:00,14,0.19,2,12699,1
2022/4/20 22:28:08,2022/4/20,22:28:08,28,0.19,3,12691,1
2020/1/8 22:53:20,2020/1/8,22:53:20,26,0.05,3,12692,0
2024/3/15 8:47:13,2024/3/15,8:47:13,30,0.21,4,12699,1
2025/2/15 0:00:00,2025/2/15,0:00:00,33,0.18,1,12685,0
2020/5/16 6:07:46,2020/5/16,6:07:46,32,0.19,3,12691,0
2024/9/1 0:00:00,2024/9/1,0:00:00,12,0.02,1,12691,1
2025/1/20 9:31:55,2025/1/20,9:31:55,5,0.22,1,12693,1
2021/8/7 3:37:37,2021/8/7,3:37:37,35,0.07,2,12689,0
2020/8/28 8:48:33,2020/8/28,8:48:33,16,0.05,4,12683,1
2022/3/7 12:06:19,2022/3/7,12:06:19,30,0.1,2,12695,0
2025/2/14 23:59:59,2025/2/14,23:59:59,20,0.12,4,12684,1
2022/2/19 3:13:55,2022/2/19,3:13:55,6,0.07,2,12691,0
2025/4/1 0:00:00,2025/4/1,0:00:00,35,0.2,4,12691,0
2024/9/23 21:42:42,2024/9/23,21:42:42,26,0.2,3,12693,0
2021/3/29 21:58:02,2021/3/29,21:58:02,17,0.23,2,12689,0
2023/11/21 13:32:00,2023/11/21,13:32:00,4,0.24,2,12683,0
2024/4/27 17:48:51,2024/4/27,17:48:51,14,0.19,3,12690,0
2025/1/1 23:59:59,2025/1/1,23:59:59,27,0.22,2,12684,0
2022/12/23 5:45:04,2022/12/23,5:45:04,2,0.02,1,12687,1
2023/9/13 21:50:03,2023/9/13,21:50:03,29,0.03,4,12687,0
2025/1/1 0:00:00,2025/1/1,0:00:00,5,0,4,12685,0
2023/9/24 20:49:06,2023/9/24,20:49:06,7,0.09,1,12690,1
2025/7/1 0:00:00,2025/7/1,0:00:00,32,0.13,4,12687,0
2024/2/16 23:59:59,2024/2/16,23:59:59,35,0.15,4,12699,1
2025/4/1 23:59:59,2025/4/1,23:59:59,4,0.11,1,12696,0
2023/8/12 18:53:59,2023/8/12,18:53:59,20,0.11,1,12689,1
2025/11/1 0:00:00,2025/11/1,0:00:00,10,0.01,4,12688,0
2025/5/1 23:59:59,2025/5/1,23:59:59,13,0.18,4,12685,1
2023/8/11 23:18:21,2023/8/11,23:18:21,19,0.09,2,12692,0
2023/6/14 11:18:57,2023/6/14,11:18:57,21,0.18,2,12700,0
2024/8/25 16:47:41,2024/8/25,16:47:41,3,0.18,1,12690,1
2020/9/23 13:36:46,2020/9/23,13:36:46,11,0.24,2,12689,0
2025/1/4 14:40:52,2025/1/4,14:40:52,23,0.03,1,12693,0
2022/4/26 19:37:59,2022/4/26,19:37:59,32,0.23,4,12695,1
2024/10/1 23:59:59,2024/10/1,23:59:59,13,0.19,2,12697,1
2020/7/23 0:28:02,2020/7/23,0:28:02,14,0.08,3,12700,0
2020/1/26 11:25:54,2020/1/26,11:25:54,14,0.16,4,12688,1
2025/1/1 0:00:00,2025/1/1,0:00:00,29,0.11,4,12697,0
2021/12/16 9:16:03,2021/12/16,9:16:03,34,0.14,2,12693,0
2025/2/14 0:00:00,2025/2/14,0:00:00,17,0.19,4,12697,0
2021/5/14 0:33:58,2021/5/14,0:33:58,12,0.11,4,12683,1
2023/5/6 14:08:15,2023/5/6,14:08:15,15,0.1,3,12699,1
2024/10/1 0:00:00,2024/10/1,0:00:00,13,0.19,4,12688,1
2018/3/24 0:00:00,2018/3/24,0:00:00,35,0.06,3,12687,0
2024/7/1 23:59:59,2024/7/1,23:59:59,20,0.11,1,12694,0
2021/11/1 23:57:20,2021/11/1,23:57:20,18,0.05,4,12685,1
2025/2/1 8:29:43,2025/2/1,8:29:43,35,0.23,4,12700,1
2025/2/1 18:10:45,2025/2/1,18:10:45,32,0.22,4,12690,0
2020/3/10 6:46:56,2020/3/10,6:46:56,3,0.22,4,12688,1
2024/2/16 0:00:00,2024/2/16,0:00:00,16,0.11,1,12684,1
2025/1/22 21:24:37,2025/1/22,21:24:37,8,0.2,4,12683,1
2024/3/1 0:00:00,2024/3/1,0:00:00,25,0.22,3,12692,0
2016/4/3 23:59:59,2016/4/3,23:59:59,23,0.12,1,12694,0
2020/8/13 6:59:53,2020/8/13,6:59:53,10,0.01,2,12693,0
2024/8/19 23:59:59,2024/8/19,23:59:59,9,0.2,1,12694,0
2021/7/29 5:48:46,2021/7/29,5:48:46,20,0.01,4,12682,1
2020/6/8 6:19:17,2020/6/8,6:19:17,23,0.02,1,12695,1
2024/9/1 23:59:59,2024/9/1,23:59:59,28,0.21,4,12691,1
2020/8/21 18:20:35,2020/8/21,18:20:35,10,0.08,1,12694,1
2024/1/26 15:08:47,2024/1/26,15:08:47,7,0.04,1,12699,1
2022/8/1 15:25:12,2022/8/1,15:25:12,9,0.15,2,12690,0
2022/11/4 19:03:46,2022/11/4,19:03:46,32,0.24,4,12683,0
2022/1/26 16:36:26,2022/1/26,16:36:26,35,0.19,4,12683,0
2024/10/1 0:00:00,2024/10/1,0:00:00,6,0.15,3,12691,1
2022/7/21 22:37:10,2022/7/21,22:37:10,2,0.19,3,12688,0
2025/12/1 0:00:00,2025/12/1,0:00:00,21,0.08,2,12682,1
2025/10/1 23:59:59,2025/10/1,23:59:59,34,0.16,2,12698,1
2022/12/2 16:02:14,2022/12/2,16:02:14,29,0.08,4,12683,1
2020/1/9 4:08:07,2020/1/9,4:08:07,12,0.24,1,12683,1
2024/11/17 23:59:59,2024/11/17,23:59:59,2,0.24,2,12693,1
2022/1/7 10:51:27,2022/1/7,10:51:27,23,0.17,4,12685,1
2020/12/27 5:57:48,2020/12/27,5:57:48,34,0.13,4,12693,1
2020/6/18 1:31:48,2020/6/18,1:31:48,10,0.03,4,12700,1
2021/12/20 6:27:21,2021/12/20,6:27:21,13,0.22,2,12695,1
2022/7/13 2:47:30,2022/7/13,2:47:30,27,0.05,2,12696,1
2025/2/16 23:59:59,2025/2/16,23:59:59,13,0.21,3,12682,0
2025/2/16 0:00:00,2025/2/16,0:00:00,28,0.13,2,12689,0
2024/8/22 17:48:01,2024/8/22,17:48:01,7,0.15,3,12690,1
2024/11/1 0:00:00,2024/11/1,0:00:00,23,0.01,4,12690,1
2020/7/22 13:31:04,2020/7/22,13:31:04,11,0,2,12689,1
2023/1/20 20:39:22,2023/1/20,20:39:22,35,0.23,4,12698,1
2016/4/3 23:59:59,2016/4/3,23:59:59,13,0.05,4,12700,1
2022/7/10 9:13:22,2022/7/10,9:13:22,35,0.21,4,12687,1
2024/1/1 23:59:59,2024/1/1,23:59:59,27,0.23,2,12692,1
2025/4/1 0:00:00,2025/4/1,0:00:00,33,0.14,1,12682,1
2023/12/9 2:32:11,2023/12/9,2:32:11,17,0.18,2,12691,1
2023/3/9 16:03:46,2023/3/9,16:03:46,17,0.09,2,12686,1
2025/10/1 0:00:00,2025/10/1,0:00:00,29,0.2,4,12683,1
2021/8/7 15:30:59,2021/8/7,15:30:59,26,0.12,4,12699,1
2015/4/9 0:00:00,2015/4/9,0:00:00,21,0.16,1,12694,0
2022/12/30 21:30:59,2022/12/30,21:30:59,1,0.15,4,12695,0
2024/1/27 23:37:07,2024/1/27,23:37:07,15,0.03,1,12694,1
2025/2/16 0:00:00,2025/2/16,0:00:00,2,0,3,12699,0
2024/12/16 4:23:04,2024/12/16,4:23:04,8,0.24,1,12696,1
2020/12/17 3:48:38,2020/12/17,3:48:38,15,0.1,4,12694,0
2021/6/9 13:35:18,2021/6/9,13:35:18,3,0.06,3,12695,0
2025/8/1 23:59:59,2025/8/1,23:59:59,17,0.11,3,12683,1
2020/1/30 8:13:20,2020/1/30,8:13:20,31,0.03,1,12687,0
2020/3/15 11:41:12,2020/3/15,11:41:12,26,0.06,3,12690,1
2020/12/8 6:26:59,2020/12/8,6:26:59,22,0.01,3,12685,1
2020/8/2 10:07:22,2020/8/2,10:07:22,25,0.07,3,12682,0
2025/1/1 23:59:59,2025/1/1,23:59:59,6,0.12,3,12689,1
2022/9/16 5:06:32,2022/9/16,5:06:32,15,0.06,1,12693,1
2025/7/1 0:00:00,2025/7/1,0:00:00,9,0.06,4,12687,1
2024/11/13 2:44:21,2024/11/13,2:44:21,5,0.23,3,12696,0
2020/5/29 8:47:13,2020/5/29,8:47:13,1,0.01,4,12684,0
2025/8/1 0:00:00,2025/8/1,0:00:00,34,0.23,2,12691,1
2024/2/16 0:00:00,2024/2/16,0:00:00,15,0.06,4,12682,1
2024/1/1 23:59:59,2024/1/1,23:59:59,21,0.19,1,12689,1
2025/4/1 0:00:00,2025/4/1,0:00:00,22,0.09,2,12698,1
2025/5/1 0:00:00,2025/5/1,0:00:00,23,0.2,1,12683,1
2024/2/27 15:26:37,2024/2/27,15:26:37,23,0.14,3,12699,0
2024/6/10 11:20:49,2024/6/10,11:20:49,3,0.13,3,12696,1
2023/9/4 18:35:01,2023/9/4,18:35:01,6,0.21,1,12693,1
2025/1/16 23:59:59,2025/1/16,23:59:59,20,0.06,4,12694,0
2022/9/22 12:57:51,2022/9/22,12:57:51,13,0.19,4,12689,1
2020/12/18 13:37:14,2020/12/18,13:37:14,32,0.09,2,12698,0
2021/10/22 19:02:07,2021/10/22,19:02:07,34,0.15,4,12697,1
2021/3/8 0:00:00,2021/3/8,0:00:00,20,0.07,1,12700,1
2024/5/11 13:13:35,2024/5/11,13:13:35,31,0.08,4,12692,0
2020/3/22 2:41:19,2020/3/22,2:41:19,28,0.15,1,12686,1
2022/4/18 2:14:48,2022/4/18,2:14:48,23,0.04,1,12683,0
2023/8/15 8:38:19,2023/8/15,8:38:19,18,0.24,1,12686,1
2021/3/8 0:00:00,2021/3/8,0:00:00,35,0.18,2,12686,0
2024/6/20 2:42:25,2024/6/20,2:42:25,25,0.21,3,12697,1
2025/3/1 0:00:00,2025/3/1,0:00:00,11,0.04,2,12685,0
2022/8/29 8:21:58,2022/8/29,8:21:58,8,0.19,3,12700,0
2025/9/1 23:59:59,2025/9/1,23:59:59,9,0.14,4,12694,0
2023/9/21 6:23:09,2023/9/21,6:23:09,31,0.18,2,12696,0
2022/3/3 23:59:59,2022/3/3,23:59:59,10,0.11,4,12693,0
2022/9/5 13:19:05,2022/9/5,13:19:05,3,0.12,3,12687,0
2020/4/5 20:43:12,2020/4/5,20:43:12,30,0.15,3,12700,0
2020/12/23 21:13:41,2020/12/23,21:13:41,15,0.01,1,12697,0
2020/3/12 12:14:00,2020/3/12,12:14:00,7,0.21,2,12690,1
2020/4/16 6:07:48,2020/4/16,6:07:48,31,0.14,1,12697,1
2024/2/12 4:58:47,2024/2/12,4:58:47,12,0.18,1,12689,1
2024/3/13 16:12:28,2024/3/13,16:12:28,8,0.16,3,12696,0
2025/1/1 23:59:59,2025/1/1,23:59:59,3,0.01,3,12693,1
2024/8/23 7:17:37,2024/8/23,7:17:37,8,0.1,1,12698,1
2024/6/15 18:31:21,2024/6/15,18:31:21,6,0.22,3,12699,1
2025/1/1 0:00:00,2025/1/1,0:00:00,22,0.22,1,12691,0
2022/11/15 20:57:29,2022/11/15,20:57:29,21,0.17,4,12689,1
2020/8/31 10:12:52,2020/8/31,10:12:52,29,0.14,4,12694,0
2020/11/14 19:29:22,2020/11/14,19:29:22,31,0.23,4,12696,1
2023/12/27 23:46:46,2023/12/27,23:46:46,12,0.25,4,12682,0
2024/11/20 15:44:24,2024/11/20,15:44:24,3,0.24,4,12687,1
2020/4/28 17:11:14,2020/4/28,17:11:14,21,0.19,4,12696,0
2022/8/12 16:31:01,2022/8/12,16:31:01,8,0.25,1,12696,1
2025/4/1 23:59:59,2025/4/1,23:59:59,23,0.22,2,12697,0
2023/8/25 0:00:00,2023/8/25,0:00:00,13,0.24,2,12689,1
2024/10/1 23:59:59,2024/10/1,23:59:59,28,0.22,1,12692,0
2024/9/1 23:59:59,2024/9/1,23:59:59,25,0.23,4,12682,0
2025/7/1 23:59:59,2025/7/1,23:59:59,10,0.02,3,12686,0
2022/8/14 13:34:58,2022/8/14,13:34:58,25,0.15,3,12688,0
2020/11/7 14:28:25,2020/11/7,14:28:25,22,0.1,2,12698,1
2022/7/25 15:29:26,2022/7/25,15:29:26,30,0.11,1,12683,0
2019/3/19 0:00:00,2019/3/19,0:00:00,17,0.14,3,12692,0
2024/4/1 23:59:59,2024/4/1,23:59:59,32,0.18,4,12694,1
2022/1/17 7:57:56,2022/1/17,7:57:56,11,0.19,4,12692,1
2020/7/26 12:55:32,2020/7/26,12:55:32,8,0.19,3,12696,1
2024/2/21 0:00:00,2024/2/21,0:00:00,25,0.25,1,12698,1
2025/10/1 23:59:59,2025/10/1,23:59:59,29,0.23,1,12682,0
2022/6/12 5:38:09,2022/6/12,5:38:09,33,0.21,2,12693,1
2024/7/1 0:00:00,2024/7/1,0:00:00,5,0.12,3,12689,0
2021/3/16 18:35:16,2021/3/16,18:35:16,28,0.14,2,12700,1
2022/2/11 5:25:37,2022/2/11,5:25:37,34,0.07,1,12699,0
2024/1/1 23:59:59,2024/1/1,23:59:59,27,0.14,2,12695,0
2024/7/29 4:04:37,2024/7/29,4:04:37,31,0.23,1,12692,1
2022/12/30 9:58:13,2022/12/30,9:58:13,27,0.12,3,12700,0
2023/5/26 4:31:14,2023/5/26,4:31:14,19,0.16,4,12700,0
2022/8/29 18:48:06,2022/8/29,18:48:06,4,0.07,2,12697,1
2021/3/2 21:09:06,2021/3/2,21:09:06,1,0.02,2,12686,1
2021/3/8 0:00:00,2021/3/8,0:00:00,9,0.12,1,12691,0
2025/1/1 0:00:00,2025/1/1,0:00:00,33,0.17,3,12684,0
2020/1/26 18:16:04,2020/1/26,18:16:04,6,0.19,3,12699,1
2023/8/30 20:13:51,2023/8/30,20:13:51,32,0.22,3,12700,1
2024/2/21 23:59:59,2024/2/21,23:59:59,5,0.08,2,12689,1
2024/12/31 10:02:49,2024/12/31,10:02:49,20,0.19,1,12695,0
2022/6/17 5:15:18,2022/6/17,5:15:18,7,0.19,1,12687,1
2022/2/19 2:22:40,2022/2/19,2:22:40,33,0.04,3,12685,1
2024/8/26 19:29:07,2024/8/26,19:29:07,2,0.13,4,12689,1
2021/2/1 12:33:06,2021/2/1,12:33:06,34,0.2,1,12682,0
2024/5/2 20:38:16,2024/5/2,20:38:16,19,0.05,4,12699,1
2022/6/29 11:40:25,2022/6/29,11:40:25,1,0.13,3,12683,1
2020/2/10 2:30:41,2020/2/10,2:30:41,33,0.03,3,12689,1
2024/4/1 0:00:00,2024/4/1,0:00:00,17,0.24,2,12695,0
2021/10/11 1:59:57,2021/10/11,1:59:57,28,0.18,3,12698,0
2025/2/16 23:59:59,2025/2/16,23:59:59,30,0.21,1,12698,1
2022/10/25 1:07:18,2022/10/25,1:07:18,22,0,3,12684,0
2020/2/1 1:05:49,2020/2/1,1:05:49,18,0.16,4,12682,1
2024/2/28 14:32:35,2024/2/28,14:32:35,21,0.11,1,12695,1
2024/4/1 23:59:59,2024/4/1,23:59:59,10,0.03,3,12685,1
2020/7/8 17:45:12,2020/7/8,17:45:12,16,0.06,2,12688,1
2022/8/8 20:49:58,2022/8/8,20:49:58,6,0.24,2,12683,1
2022/11/22 12:37:09,2022/11/22,12:37:09,24,0.15,3,12697,1
2020/4/16 15:56:24,2020/4/16,15:56:24,30,0.02,2,12697,1
2024/2/25 7:42:55,2024/2/25,7:42:55,30,0.06,2,12692,1
2024/7/28 15:07:11,2024/7/28,15:07:11,11,0.04,1,12684,1
2024/5/7 2:32:49,2024/5/7,2:32:49,24,0.19,2,12689,0
2025/3/1 0:00:00,2025/3/1,0:00:00,7,0.19,2,12688,1
2022/11/4 8:57:05,2022/11/4,8:57:05,20,0.04,1,12699,0
2021/1/28 11:39:35,2021/1/28,11:39:35,23,0.01,1,12696,1
2025/2/15 0:00:00,2025/2/15,0:00:00,3,0.16,4,12688,0
2025/8/1 0:00:00,2025/8/1,0:00:00,33,0.03,3,12695,0
2020/4/27 13:31:59,2020/4/27,13:31:59,28,0.13,4,12687,1
2020/9/15 15:30:26,2020/9/15,15:30:26,35,0.06,1,12694,0
2021/3/8 23:59:59,2021/3/8,23:59:59,8,0.04,3,12685,1
2020/4/21 10:17:30,2020/4/21,10:17:30,9,0.1,2,12697,0
2023/6/2 23:45:30,2023/6/2,23:45:30,2,0.15,3,12683,0
2021/3/8 0:00:00,2021/3/8,0:00:00,15,0.1,3,12698,1
2024/11/13 16:28:34,2024/11/13,16:28:34,24,0.17,3,12692,1
2022/7/10 22:08:20,2022/7/10,22:08:20,4,0.23,4,12682,0
2021/8/17 17:11:03,2021/8/17,17:11:03,32,0.01,2,12697,1
2025/10/1 0:00:00,2025/10/1,0:00:00,11,0.18,3,12694,0
2023/8/12 21:07:58,2023/8/12,21:07:58,16,0.2,4,12691,1
2024/5/1 0:00:00,2024/5/1,0:00:00,14,0.02,2,12684,0
2023/11/13 4:37:20,2023/11/13,4:37:20,20,0.04,2,12696,0
2017/3/29 0:00:00,2017/3/29,0:00:00,5,0.08,4,12685,1
2024/12/26 23:39:09,2024/12/26,23:39:09,10,0.23,1,12692,1
2024/7/1 23:59:59,2024/7/1,23:59:59,6,0.05,2,12683,0
2025/4/1 23:59:59,2025/4/1,23:59:59,17,0.16,2,12693,0
2020/9/5 2:25:16,2020/9/5,2:25:16,30,0.15,1,12692,1
2024/4/1 23:59:59,2024/4/1,23:59:59,35,0.12,3,12698,1
2024/10/19 1:57:50,2024/10/19,1:57:50,11,0.05,2,12699,0
2023/8/14 4:09:20,2023/8/14,4:09:20,11,0.13,2,12697,1
2020/9/5 17:22:01,2020/9/5,17:22:01,4,0.01,4,12688,0
2023/12/23 5:35:44,2023/12/23,5:35:44,7,0.09,4,12690,1
2021/12/13 18:22:59,2021/12/13,18:22:59,19,0.22,1,12692,1
2020/1/28 23:25:55,2020/1/28,23:25:55,1,0.13,4,12697,1
2025/2/16 0:00:00,2025/2/16,0:00:00,23,0.2,4,12684,0
2024/2/28 12:49:46,2024/2/28,12:49:46,30,0.04,4,12682,1
2024/7/1 23:59:59,2024/7/1,23:59:59,20,0.2,2,12693,1
2023/11/26 23:36:06,2023/11/26,23:36:06,34,0.17,1,12688,1
2019/3/19 23:59:59,2019/3/19,23:59:59,14,0.03,1,12684,0
2016/4/3 0:00:00,2016/4/3,0:00:00,29,0.02,1,12696,1
2024/12/12 22:29:18,2024/12/12,22:29:18,14,0.13,2,12684,1
2023/4/21 0:02:46,2023/4/21,0:02:46,20,0.2,4,12696,0
2022/5/31 12:35:16,2022/5/31,12:35:16,7,0.22,3,12686,0
2024/1/24 15:35:36,2024/1/24,15:35:36,25,0.05,1,12691,1
2024/5/1 0:00:00,2024/5/1,0:00:00,29,0,4,12682,0
2024/9/11 9:44:13,2024/9/11,9:44:13,19,0.08,2,12699,0
2025/3/1 23:59:59,2025/3/1,23:59:59,25,0.1,3,12684,1
2023/7/17 6:36:13,2023/7/17,6:36:13,28,0.12,2,12693,0
2017/3/29 23:59:59,2017/3/29,23:59:59,5,0.12,3,12690,1
2020/11/5 10:18:37,2020/11/5,10:18:37,23,0.23,1,12697,1
2024/2/16 23:59:59,2024/2/16,23:59:59,8,0.05,3,12687,0
2024/1/1 14:50:47,2024/1/1,14:50:47,18,0.04,1,12683,1
2022/3/3 23:59:59,2022/3/3,23:59:59,10,0.04,3,12686,1
2024/12/28 15:43:23,2024/12/28,15:43:23,22,0.12,2,12693,0
2021/6/17 23:41:51,2021/6/17,23:41:51,16,0.19,1,12691,0
2020/6/2 22:10:59,2020/6/2,22:10:59,22,0.19,3,12696,1
2022/3/3 23:59:59,2022/3/3,23:59:59,9,0.21,2,12682,0
2020/10/19 8:58:43,2020/10/19,8:58:43,15,0.01,3,12682,1
2020/8/17 15:39:32,2020/8/17,15:39:32,1,0.22,2,12691,1
2024/9/19 9:15:19,2024/9/19,9:15:19,19,0.02,4,12684,1
2021/6/15 4:36:59,2021/6/15,4:36:59,6,0.19,2,12684,0
2022/10/11 7:27:34,2022/10/11,7:27:34,10,0.22,1,12682,1
2022/9/6 17:53:26,2022/9/6,17:53:26,5,0.11,2,12686,1
2021/11/4 11:13:11,2021/11/4,11:13:11,34,0.08,3,12688,1
2023/7/9 4:21:21,2023/7/9,4:21:21,10,0.22,3,12699,1
2021/9/18 10:37:23,2021/9/18,10:37:23,25,0.11,2,12695,0
2021/12/13 19:54:39,2021/12/13,19:54:39,25,0.06,1,12683,1
2024/7/1 23:59:59,2024/7/1,23:59:59,18,0.24,2,12692,1
2020/8/9 16:40:53,2020/8/9,16:40:53,7,0.12,4,12692,1
2022/1/26 21:37:49,2022/1/26,21:37:49,31,0.04,3,12700,0
2021/12/31 11:19:57,2021/12/31,11:19:57,4,0.01,2,12693,1
2023/8/27 22:14:57,2023/8/27,22:14:57,22,0.15,2,12693,0
2020/11/6 1:05:41,2020/11/6,1:05:41,31,0.23,3,12693,0
2025/1/16 23:59:59,2025/1/16,23:59:59,29,0.23,4,12698,1
2022/6/19 4:55:52,2022/6/19,4:55:52,21,0.01,2,12691,1
2024/11/28 1:41:04,2024/11/28,1:41:04,19,0.22,3,12689,0
2021/5/20 18:30:48,2021/5/20,18:30:48,33,0.05,1,12688,0
2023/6/18 16:10:28,2023/6/18,16:10:28,9,0.07,3,12687,0
2020/1/23 17:59:26,2020/1/23,17:59:26,20,0.02,2,12696,0
2022/1/30 8:13:44,2022/1/30,8:13:44,31,0.04,1,12685,1
2025/5/1 0:00:00,2025/5/1,0:00:00,2,0.19,3,12693,0
2024/1/1 23:59:59,2024/1/1,23:59:59,12,0.11,1,12690,1
2024/5/1 23:59:59,2024/5/1,23:59:59,5,0.19,1,12700,1
2024/2/1 23:59:59,2024/2/1,23:59:59,32,0.15,4,12684,1
2024/7/1 23:59:59,2024/7/1,23:59:59,25,0.14,3,12688,1
2023/5/31 18:46:33,2023/5/31,18:46:33,11,0.1,2,12690,0
2024/1/1 0:00:00,2024/1/1,0:00:00,34,0.16,1,12682,1
2025/1/16 23:59:59,2025/1/16,23:59:59,21,0.07,1,12683,1
2020/11/6 19:37:40,2020/11/6,19:37:40,5,0.21,4,12693,1
2020/6/20 7:50:07,2020/6/20,7:50:07,33,0.02,1,12696,1
2025/1/16 7:39:32,2025/1/16,7:39:32,31,0.19,1,12683,0
2021/10/2 10:40:06,2021/10/2,10:40:06,24,0.13,3,12685,0
2025/3/1 23:59:59,2025/3/1,23:59:59,32,0.02,4,12695,0
2025/12/1 23:59:59,2025/12/1,23:59:59,31,0.11,1,12697,1
2024/1/1 0:00:00,2024/1/1,0:00:00,35,0.05,1,12684,1
2021/10/4 17:12:44,2021/10/4,17:12:44,24,0.05,1,12700,0
2025/2/1 23:59:59,2025/2/1,23:59:59,16,0.07,1,12686,1
2023/12/28 9:57:33,2023/12/28,9:57:33,28,0.13,4,12699,0
2021/1/11 22:30:24,2021/1/11,22:30:24,17,0.13,1,12687,1
2023/7/20 8:43:44,2023/7/20,8:43:44,16,0.03,1,12693,1
2025/2/3 23:59:59,2025/2/3,23:59:59,5,0.1,3,12691,1
2024/2/1 11:47:59,2024/2/1,11:47:59,23,0.18,3,12690,1
2017/3/29 0:00:00,2017/3/29,0:00:00,10,0.23,2,12686,1
2024/2/16 0:00:00,2024/2/16,0:00:00,33,0.15,3,12697,1
2021/5/17 9:34:50,2021/5/17,9:34:50,4,0.1,4,12693,1
2024/8/1 23:59:59,2024/8/1,23:59:59,10,0.02,3,12687,1
2017/3/29 0:00:00,2017/3/29,0:00:00,23,0.15,4,12693,0
2021/3/12 9:45:53,2021/3/12,9:45:53,34,0.25,2,12691,0
2023/8/19 13:52:33,2023/8/19,13:52:33,25,0.05,3,12697,1
2025/1/1 23:59:59,2025/1/1,23:59:59,22,0.18,4,12686,0
2024/3/1 0:00:00,2024/3/1,0:00:00,17,0.07,3,12685,0
2021/3/8 0:00:00,2021/3/8,0:00:00,31,0.16,3,12700,1
2021/1/2 7:21:36,2021/1/2,7:21:36,20,0.18,4,12687,1
2024/12/1 0:00:00,2024/12/1,0:00:00,24,0.18,1,12695,0
2021/2/24 9:01:15,2021/2/24,9:01:15,4,0.01,3,12693,1
2025/11/1 23:59:59,2025/11/1,23:59:59,15,0.06,1,12687,1
2022/1/1 16:25:15,2022/1/1,16:25:15,21,0.2,4,12695,1
2021/9/18 22:09:22,2021/9/18,22:09:22,18,0.24,4,12694,1
2021/3/12 13:00:02,2021/3/12,13:00:02,7,0.08,2,12691,1
2024/6/11 16:01:51,2024/6/11,16:01:51,20,0.2,4,12683,1
2021/10/19 0:57:42,2021/10/19,0:57:42,27,0.03,2,12686,1
2022/8/15 14:26:20,2022/8/15,14:26:20,18,0.08,2,12684,0
2023/6/1 3:49:56,2023/6/1,3:49:56,17,0.09,4,12699,0
2023/2/19 0:55:44,2023/2/19,0:55:44,8,0.04,1,12687,1
2025/7/1 0:00:00,2025/7/1,0:00:00,33,0.03,1,12690,0
2023/9/25 10:35:27,2023/9/25,10:35:27,22,0.13,1,12700,1
2020/4/17 13:34:57,2020/4/17,13:34:57,10,0.11,1,12682,0
2022/11/24 9:56:49,2022/11/24,9:56:49,30,0.05,4,12692,1
2021/1/14 4:36:49,2021/1/14,4:36:49,26,0.23,3,12695,0
2025/9/1 23:59:59,2025/9/1,23:59:59,16,0.25,2,12700,1
2025/7/1 23:59:59,2025/7/1,23:59:59,34,0.21,4,12688,0
2016/4/3 23:59:59,2016/4/3,23:59:59,23,0.16,4,12686,0
2023/7/5 10:50:21,2023/7/5,10:50:21,13,0.25,3,12686,0
2024/10/1 0:00:00,2024/10/1,0:00:00,13,0.23,4,12700,0
2023/8/25 23:59:59,2023/8/25,23:59:59,20,0.02,2,12698,1
2025/3/1 0:00:00,2025/3/1,0:00:00,4,0.19,4,12683,0
2023/7/9 8:04:02,2023/7/9,8:04:02,3,0.23,2,12684,1
2025/10/1 0:00:00,2025/10/1,0:00:00,2,0.12,1,12700,0
2025/2/15 0:00:00,2025/2/15,0:00:00,21,0.08,1,12685,0
2025/4/1 23:59:59,2025/4/1,23:59:59,12,0.07,1,12683,0
2021/9/23 11:12:56,2021/9/23,11:12:56,4,0.14,4,12689,1
2024/9/30 10:31:23,2024/9/30,10:31:23,19,0.2,3,12698,0
2020/8/15 2:48:16,2020/8/15,2:48:16,2,0.15,2,12693,0
2021/12/21 5:29:51,2021/12/21,5:29:51,32,0.23,4,12686,0
2022/12/20 13:01:12,2022/12/20,13:01:12,24,0.02,4,12699,1
2020/2/9 5:10:44,2020/2/9,5:10:44,3,0.24,4,12695,1
2021/5/17 0:04:15,2021/5/17,0:04:15,11,0.2,3,12688,0
2020/5/1 8:08:45,2020/5/1,8:08:45,2,0.21,2,12686,1
2024/3/1 23:59:59,2024/3/1,23:59:59,19,0.04,3,12699,0
2023/8/9 3:49:40,2023/8/9,3:49:40,19,0.12,4,12694,1
2025/1/1 23:59:59,2025/1/1,23:59:59,19,0.25,3,12689,1
2024/7/1 23:59:59,2024/7/1,23:59:59,3,0.22,1,12696,0
2025/1/1 0:00:00,2025/1/1,0:00:00,3,0.11,2,12683,1
2024/7/14 15:08:55,2024/7/14,15:08:55,24,0.06,1,12699,0
2021/3/15 14:08:41,2021/3/15,14:08:41,20,0.14,3,12682,1
2025/10/1 23:59:59,2025/10/1,23:59:59,1,0.18,3,12685,1
2021/7/24 23:41:35,2021/7/24,23:41:35,15,0.05,3,12689,0
2023/8/16 21:43:28,2023/8/16,21:43:28,34,0.23,4,12695,1
2020/12/2 9:58:40,2020/12/2,9:58:40,20,0.16,4,12692,0
2023/8/28 6:58:36,2023/8/28,6:58:36,27,0.03,2,12682,1
2025/12/1 0:00:00,2025/12/1,0:00:00,19,0,2,12688,0
2024/12/12 17:21:39,2024/12/12,17:21:39,25,0.01,3,12698,0
2021/1/5 12:55:37,2021/1/5,12:55:37,8,0.16,1,12698,1
2025/2/16 23:59:59,2025/2/16,23:59:59,6,0.04,2,12699,0
2024/4/1 23:59:59,2024/4/1,23:59:59,23,0.05,3,12700,1
2024/3/15 4:24:53,2024/3/15,4:24:53,16,0.17,3,12689,0
2024/12/13 0:08:39,2024/12/13,0:08:39,26,0.04,1,12686,0
2023/11/23 15:49:52,2023/11/23,15:49:52,8,0.25,4,12689,0
2016/4/3 23:59:59,2016/4/3,23:59:59,10,0.07,1,12688,1
2021/2/1 10:41:57,2021/2/1,10:41:57,20,0.19,1,12690,0
2021/12/8 16:01:47,2021/12/8,16:01:47,15,0.06,4,12690,1
2025/2/1 13:23:18,2025/2/1,13:23:18,25,0.21,1,12694,1
2025/1/1 23:59:59,2025/1/1,23:59:59,18,0.16,3,12684,1
2024/6/21 10:00:26,2024/6/21,10:00:26,33,0.04,1,12694,1
2025/3/1 23:59:59,2025/3/1,23:59:59,30,0.02,2,12689,0
2020/3/23 22:14:20,2020/3/23,22:14:20,22,0.05,4,12692,0
2023/8/2 20:00:12,2023/8/2,20:00:12,12,0.08,3,12683,0
2022/10/5 13:49:17,2022/10/5,13:49:17,3,0.05,2,12695,1
2025/6/1 23:59:59,2025/6/1,23:59:59,16,0.03,1,12688,0
2025/7/1 0:00:00,2025/7/1,0:00:00,17,0.12,4,12690,0
2023/11/4 11:26:17,2023/11/4,11:26:17,3,0.07,3,12689,1
2020/12/11 21:04:59,2020/12/11,21:04:59,26,0.18,1,12682,1
2024/2/5 11:46:53,2024/2/5,11:46:53,14,0.15,2,12691,1
2024/11/26 0:13:05,2024/11/26,0:13:05,7,0.11,4,12691,0
2020/5/30 23:06:13,2020/5/30,23:06:13,34,0.02,4,12691,0
2021/9/4 21:09:59,2021/9/4,21:09:59,9,0.23,4,12683,0
2022/10/25 3:28:02,2022/10/25,3:28:02,20,0.02,4,12696,0
2021/5/6 8:02:06,2021/5/6,8:02:06,18,0.08,2,12698,0
2022/6/28 7:40:50,2022/6/28,7:40:50,2,0.21,2,12700,1
2022/9/16 1:23:35,2022/9/16,1:23:35,22,0.17,4,12682,0
2024/5/30 9:37:11,2024/5/30,9:37:11,11,0.16,4,12682,1
2024/3/22 6:18:42,2024/3/22,6:18:42,30,0.22,1,12685,0
2023/9/9 12:46:57,2023/9/9,12:46:57,15,0.22,4,12694,1
2020/7/7 21:37:32,2020/7/7,21:37:32,26,0.17,3,12691,1
